"Device name","OS version","Microsoft Entra device ID","Secure Boot enabled","Certificate status","Device model"
"W365-Q8SG0AZ","10.0.26100.7781","c91bdc23-c3e8-4487-818c-8e4be95a2a9a","Yes","Not up to date","Virtual Machine"
"AP-CFM6D","10.0.19045.4123","cf4c89e4-f77c-4f3b-b8e3-3516ad11481d","Yes","Not up to date","Latitude 5340"
"AP-K8JY2T","10.0.26100.7462","19562c81-68b6-4db6-a643-760c492bfe80","Yes","Up to date","Virtual Machine"
"AP-6LEXVHN","10.0.22631.6584","51b71ea1-a4b6-4b0c-b4d8-df1397394838","Yes","Not up to date","Latitude 5540"
"W365-KV9C6D","10.0.26100.7634","66130de9-2cd8-4b6d-95c3-d27022b96eb8","Yes","Not up to date","Latitude 5440"
"W365-OAGV2KRE","10.0.22621.5432","8dc914f6-554f-45d4-ae9e-bc13cf6eb763","Yes","Up to date","HP EliteBook 840 G9"
"W365-TJIUZHP8","10.0.26100.7781","86237a64-45e2-4061-8eb0-2ff50882ac45","Yes","Up to date","Surface Laptop 5"
"W365-IW8Q2EJ","10.0.26100.7634","33853724-9f82-4b89-8280-3078d4687792","Yes","Up to date","Latitude 5440"
"W365-SZVG26","","a33b4528-5c2e-43d0-b837-957844f8c523","Unknown","Not applicable",""
"AP-HM0J7","10.0.26100.7781","f1008b0d-4a8e-4b35-ba9a-8e1c3cc87bb2","Yes","Up to date","Latitude 5340"
"W365-PV14G","10.0.22631.6649","f1571fe5-03a9-42bf-ba6f-e9adf6711d30","Yes","Up to date","Precision 5570"
"W365-14EPNWX","10.0.22621.5432","be02e813-0000-43f1-bdd2-124acf980e66","Yes","Not up to date","Surface Pro 9"
"AP-Z9JTC0DK","10.0.26100.7634","0c702f28-84cf-4f12-9e0a-f6f6b76da48f","Yes","Up to date","Latitude 5540"
"W365-E4UA9PBN","10.0.19045.4123","fd90971e-e03f-4f29-a05b-5b7c0646e64a","Yes","Not up to date","Latitude 5340"
"W365-SJRZ5","10.0.26100.7781","97d523c3-4f8a-4cd3-a1c4-cd3d89450964","Yes","Not up to date","ThinkPad X1 Carbon Gen 10"
"AP-59FIM","10.0.19045.4123","5456be1d-eb6a-49e4-85c0-9b4679389ea1","Yes","Not up to date","Latitude 5440"
"AP-VOZF7N","10.0.19045.4123","194e8a2e-9190-45b6-8f56-6228f4404f69","Yes","Up to date","HP ProBook 450 G9"
"W365-XA4CU7F9","10.0.26100.7781","5ab3149a-ab5d-47d1-b69a-4bf2c074db76","Yes","Up to date","Virtual Machine"
"AP-JFCMA","10.0.22621.5432","3684b3e9-1a88-4983-b7ed-8258654c79c0","Yes","Not up to date","Latitude 5540"
"W365-LFKU89T","10.0.22621.5432","6d4a956d-68c2-4f1e-8752-d136a833ae28","Yes","Up to date","Precision 5570"
"AP-N7EMPGX3","10.0.26100.7781","9da7b351-f888-4468-a74f-6e98edb8cf49","Yes","Not up to date","Surface Pro 9"
"AP-F4PCR2","10.0.26100.7462","a358ee25-286e-4344-a0a2-f7e7f3f8d3c1","Yes","Not up to date","Latitude 5440"
"AP-6QV0495","10.0.22621.5432","c0dbcf56-c91d-45a4-8c56-1a3f041eff00","Yes","Not up to date","Latitude 5540"
"W365-42NSM673","10.0.22621.5432","45942db7-a145-4449-a2de-d4aeff9a98f3","Yes","Not up to date","HP ProBook 450 G9"
"W365-IDEW2T","10.0.22631.6649","4e23c80c-742f-4ba3-96f1-b1bf90a34889","Yes","Not up to date","Latitude 5340"
"W365-VGCD02MO","10.0.19045.4123","74e57c0c-7fc5-4e4c-b791-236c6621748c","Yes","Not up to date","HP EliteBook 840 G9"
"AP-TUE4NOI","10.0.22631.6584","67f8154e-834c-4cd5-8753-f9dc9703ec7b","Yes","Up to date","Virtual Machine"
"AP-ZN9TLV","10.0.26100.7462","27e5b518-7dc8-4807-a235-dca4a3fc6d63","Yes","Not up to date","Latitude 5340"
"W365-NGULZY9","10.0.26100.7634","418d8923-8c0b-4b61-853b-e4c3e31dfd11","Yes","Up to date","HP ProBook 450 G9"
"AP-JF1G2A9","10.0.26100.7634","5157168c-4788-4c80-8757-b4a6e3083d5f","Yes","Up to date","Precision 5570"
"AP-7JASXUW","10.0.26100.7781","f8c631f6-5bc7-4d76-b7e2-3a20cb22bc06","Yes","Not up to date","OptiPlex 7090"
"AP-AOWFZ6E9","10.0.22631.6649","062a9d79-b7e0-4872-9a04-c1841440edda","Yes","Not up to date","ThinkPad T14 Gen 3"
"AP-3BIXZ","10.0.26100.7634","15cdfe4b-cea7-4a05-a1f0-3582e2ba8136","Yes","Up to date","Surface Pro 9"
"W365-FYNCB","10.0.19045.4123","82931347-933e-414c-86c9-2fff6b5140e5","No","Not applicable","Latitude 5540"
"W365-GU8IBEZR","10.0.19045.4123","5799c405-36b4-4390-be01-7da0989f9ea5","Yes","Up to date","Surface Pro 9"
"W365-1ULIGS8Y","10.0.26100.7634","f9e128ba-0a43-4c51-bb76-0588f6f36d92","Yes","Up to date","OptiPlex 7090"
"W365-4FGT0","10.0.22631.6649","8b623300-e876-4a6a-a452-b499e1a7d5a8","Yes","Not up to date","OptiPlex 7090"
"W365-IUJOXC","10.0.26100.7634","d07031f3-1b13-4f9e-91d1-1e70dec4a645","Yes","Up to date","HP EliteBook 840 G9"
"AP-0OKCPQR","10.0.26100.7781","0a4985d9-4f71-4c70-9b00-262175c848bb","Yes","Up to date","Virtual Machine"
"AP-Z4E96X","10.0.22631.6649","cd650655-2ac0-4740-a50d-1ead2691aa1a","Yes","Not up to date","HP EliteBook 840 G9"
"AP-PN95VUE","10.0.26100.7781","f1a86cd3-e62e-4f57-8b6d-9a810e9d1777","Yes","Not up to date","Precision 5570"
"W365-B2MC3V8","10.0.26100.7462","8fd5ee9f-049b-42e5-bfb7-a82cab0323eb","Yes","Up to date","Latitude 5440"
"AP-QD904R","10.0.26100.7781","be0e4710-49bb-40ae-af0e-48a52ede6cd5","Yes","Not up to date","HP EliteBook 840 G9"
"W365-32QJSWR4","10.0.22631.6649","a663014d-522a-45e6-8c31-90cc875682ef","Yes","Not up to date","Surface Pro 9"
"W365-B46JV","10.0.26100.7781","3ae22de0-380d-42eb-b135-e6b9e3516cf9","Yes","Up to date","ThinkPad X1 Carbon Gen 10"
"W365-43IAXNCE","10.0.26100.7634","89aa21cf-9730-4aaf-9e72-70109581e1f4","Yes","Up to date","Surface Pro 9"
"W365-DQ31S","10.0.26100.7781","880dd914-4a2d-4e3d-8a33-8bc9b7ace750","Yes","Not up to date","Precision 5570"
"W365-RBEZI","10.0.22621.5432","479ae2b2-0eb7-4f39-b343-c5c2f6e9fcda","Yes","Up to date","ThinkPad X1 Carbon Gen 10"
"W365-59XQ8MC","10.0.22631.6649","933d3cc3-66e9-4fe3-9d89-6157a13ce62c","Yes","Not up to date","Latitude 5440"
"AP-241G5Y","10.0.26100.7781","bd0a1c87-35b1-4438-93b5-d101bd38afdd","Yes","Not up to date","Latitude 5440"
"W365-H31KML5","10.0.26100.7634","caed2726-40a0-4d88-a030-65781c7c1355","Yes","Not up to date","ThinkPad T14 Gen 3"
"AP-EHGS43A0","10.0.26100.7634","17ae7f6a-dfe6-4d2d-aae1-406606bbcb39","Yes","Up to date","Surface Laptop 5"
"W365-3A7HBTNY","10.0.22621.5432","a0ded943-e58c-4a59-9022-d9a9f8e7e89b","Yes","Up to date","ThinkPad X1 Carbon Gen 10"
"W365-FWKTLBH","10.0.22631.6584","c07ae388-1e04-4b9f-8197-3356a9067ff0","Yes","Up to date","OptiPlex 7090"
"W365-YIVHXS7","10.0.22631.6649","3ab7b6f2-f31a-4d32-a416-dab63cae1b1e","Yes","Not up to date","ThinkPad T14 Gen 3"
"AP-R89ZDA","10.0.22631.6649","d11f97ab-2302-41cb-9908-f710ba9e6f8b","Yes","Not up to date","Surface Laptop 5"
"AP-5G9URH","10.0.26100.7462","5beb79cb-ab72-43aa-9344-d17ef876ebc0","Yes","Up to date","ThinkPad T14 Gen 3"
"W365-AOD1LNP","10.0.19045.4123","244e4f4f-838f-4563-bb76-55035cedfcad","No","Not applicable","Latitude 5440"
"AP-UP49Y","10.0.26100.7462","24f57d10-51f0-412a-8ffd-6a6cd6239190","Yes","Up to date","Latitude 5440"
"W365-SIE9AM","10.0.22621.5432","5d6cc4fa-c165-40d2-819a-4317f6f2e8c6","Yes","Not up to date","ThinkPad X1 Carbon Gen 10"
"W365-ZPMQ03U","","b58ac655-52c9-4edf-a8b8-e9ae39602807","Unknown","Not applicable",""
"W365-JWUKD1P","10.0.26100.7781","1618a66d-0445-4739-a1ab-61cb43211300","Yes","Up to date","ThinkPad X1 Carbon Gen 10"
"W365-5I6B08DS","10.0.22621.5432","f8e510a6-dec6-434f-92bd-813a5e5b90f8","Yes","Up to date","ThinkPad T14 Gen 3"
"AP-IJX1G","10.0.22631.6584","0227c11c-efbe-4e41-94e0-712e2cdbab83","Yes","Up to date","Latitude 5340"
"W365-4QKHGM8L","10.0.26100.7781","a0579ea5-6b4f-4421-8af6-90a3401879b7","Yes","Not up to date","Latitude 5440"
"W365-JK574DCT","10.0.26100.7462","5d17427c-2e5f-4dec-be45-6d0e99218f6f","Yes","Not up to date","HP ProBook 450 G9"
"AP-FHJPMK","10.0.26100.7781","3592e5c0-2a84-4244-bee3-2fca5e789590","Yes","Not up to date","HP ProBook 450 G9"
"AP-S5QU1OAW","10.0.22631.6584","0f683ccb-99ba-4336-9a0f-2d7b41ca4192","Yes","Up to date","Precision 5570"
"W365-UG4XA5","10.0.22631.6649","53cc678a-d944-42ea-96e7-8b90212a5cff","Yes","Not up to date","Latitude 5440"
"AP-NJ7AI2SM","10.0.22621.5432","398d7764-c33b-4c43-8270-b79666ac7260","Yes","Not up to date","ThinkPad X1 Carbon Gen 10"
"W365-8TVDOS","10.0.26100.7634","7fabf8d2-6301-4439-a1b7-f10a0bf7b8a7","Yes","Up to date","Latitude 5340"
"AP-A5I7HU","10.0.26100.7781","1936ffaf-39a6-436b-8d23-6042e24d9452","Yes","Not up to date","OptiPlex 7090"
"W365-ICD3JE","","cfbd76de-b33e-4ccc-a174-4127426eb9b9","Unknown","Not applicable",""
"AP-8JSKZYW","","a7e42f9b-64ee-4f3d-85fe-40971139cee4","Unknown","Not applicable",""
"W365-FDVY4","10.0.26100.7634","d5589b11-a3a3-45ba-9ccb-cd840d47bf12","Yes","Not up to date","Surface Laptop 5"
"AP-6FB0Q4","10.0.26100.7634","1bb515d0-43f8-4c48-b9c5-339cc4e7afed","Yes","Up to date","Surface Laptop 5"
"W365-YDKRCAPU","10.0.22631.6584","76ec8c9d-08a9-4758-8b53-3cd014d73807","Yes","Not up to date","Virtual Machine"
"W365-CXA1DOK","10.0.22621.5432","cc29c248-fcef-4ff9-b5cd-5d48e94b1311","Yes","Up to date","Surface Pro 9"
"W365-RVB1G","10.0.19045.4123","92bf4303-f3b3-4013-82d9-cbca798899a8","Yes","Not up to date","Latitude 5540"
"W365-9YEONZ","10.0.22631.6649","c5141d97-9ef4-49f8-970d-4af956a085d4","Yes","Not up to date","Surface Pro 9"
"W365-DP0VSK","10.0.19045.4123","3764c6db-2e38-440d-875e-b9a48ec396bc","Yes","Not up to date","OptiPlex 7090"
"AP-JBKG53A","10.0.26100.7462","57ab0c89-2586-4524-bdbb-2524b28d34a2","Yes","Not up to date","Surface Pro 9"
"W365-J6XQA","10.0.19045.4123","171b378f-2668-4647-9670-07d015bc7617","Yes","Not up to date","Virtual Machine"
"W365-8RUM9Y0G","10.0.22631.6584","cc972b7b-8b87-479f-a576-0d9fabef6731","Yes","Not up to date","Latitude 5440"
"AP-CIKYJS1","10.0.26100.7634","2fdb8eb0-7595-4a55-828f-769188c84673","Yes","Not up to date","Latitude 5340"
"W365-UB5RJD7","10.0.22631.6584","10725eaa-e482-448d-9f95-848d0ace083d","Yes","Not up to date","Precision 5570"
"W365-2JFG4","10.0.19045.4123","7314ec3b-ca4e-4363-b09c-7bd74c09abf6","Yes","Up to date","ThinkPad X1 Carbon Gen 10"
"AP-I4KHZ9F","10.0.22631.6649","8fcc7f8b-98e6-4b00-9663-b8053cd7a433","Yes","Not up to date","Latitude 5540"
"AP-U97XP2W","10.0.22631.6584","51ab8684-6f7f-430e-a9c1-e7bc2616a82e","Yes","Up to date","ThinkPad X1 Carbon Gen 10"
"W365-GHK6WS","10.0.19045.4123","629fc9f4-3291-42d7-b39d-a44f92663442","Yes","Not up to date","Virtual Machine"
"AP-VYI9G","10.0.26100.7781","b155c2f2-3267-4bca-a2b8-eea5bd6f3de1","Yes","Not up to date","HP EliteBook 840 G9"
"W365-30ZNF","10.0.22631.6649","7b2a845e-2ac1-47a0-8f26-19e86f12068a","Yes","Up to date","ThinkPad X1 Carbon Gen 10"
"W365-EPR7XGM0","10.0.26100.7634","45c27ecc-e378-4001-9413-fae5c892caa4","Yes","Not up to date","Surface Pro 9"
"W365-NMYJZES","10.0.19045.4123","ad6066c8-6a78-4d86-b20b-4b324f90e92b","Yes","Not up to date","ThinkPad T14 Gen 3"
"AP-8UL2O","10.0.22621.5432","cd337406-9e64-45d4-a099-518b167c80de","No","Not applicable","Surface Pro 9"
"W365-1STJLUMY","10.0.22631.6649","f71f356c-d7d3-4590-b337-4edb49da6c90","Yes","Not up to date","Surface Laptop 5"
"AP-DJ7CRP4","","525f11b5-b910-4280-a9eb-4452dcef96e7","Unknown","Not applicable",""
"AP-JF5S2B","10.0.22631.6584","75cbae23-9bff-4f33-9a54-02f8b1abe8a6","Yes","Not up to date","Latitude 5540"
"AP-H86XWU9C","10.0.26100.7634","9d51045a-5e57-4c60-92a4-57dc9f9b4e1f","Yes","Not up to date","Precision 5570"
"W365-7JE6D","10.0.22631.6584","de911495-f657-4980-9e5c-92312460cef6","Yes","Not up to date","Precision 5570"
"AP-FPKMRU","10.0.22631.6584","574542fd-50bf-46b7-a9e2-cd3416e613a6","Yes","Up to date","Latitude 5540"
"W365-C9PG0Q","10.0.22631.6649","40a9b9ef-acc7-466b-91d6-29a5bb964de7","Yes","Not up to date","Surface Pro 9"
"W365-91HZCS6M","10.0.22631.6584","9cbae707-e3e6-43be-afe5-999da55f1bba","Yes","Not up to date","Surface Pro 9"
"AP-QHDEN","10.0.22631.6584","d345b8a8-5224-4cb6-be23-523e36f950bb","Yes","Not up to date","Latitude 5440"
"AP-38BUE","10.0.22631.6584","c6ce8cf2-5b9e-4586-9262-c09e6324aa38","Yes","Up to date","Surface Pro 9"
"AP-INW69","10.0.22621.5432","d54e1aed-7c5f-487a-b170-388a888d892f","Yes","Not up to date","ThinkPad T14 Gen 3"
"AP-IYF2Q9","10.0.26100.7781","bc1ba7d5-de23-4211-9ffd-04b6b1725912","Yes","Not up to date","Virtual Machine"
"W365-ZWY5K1IF","","7cfc41ad-f88b-4403-b5f4-e74dcd8973bc","Unknown","Not applicable",""
"W365-7VS5JT0","10.0.26100.7462","7d338b50-0c2f-4d84-bb2d-92ef7ace6be5","Yes","Not up to date","HP EliteBook 840 G9"
"W365-69INJP","10.0.26100.7462","b3fa0ec2-2f02-4f52-b30b-d5a4e337e7d3","Yes","Up to date","Latitude 5440"
"W365-KCP4Z","10.0.26100.7462","249833d9-ca31-48c3-aaf0-5d5ad40980ff","Yes","Not up to date","Latitude 5340"
"AP-2D5ZQX","10.0.26100.7462","587bd3fd-d8e0-4906-8ad9-eb9814461eb0","Yes","Not up to date","HP ProBook 450 G9"
"AP-RXUTZ","10.0.19045.4123","a7e64435-4c8f-4189-975a-3f7e7fd04b3f","Yes","Not up to date","HP EliteBook 840 G9"
"W365-8P9R65K","10.0.22631.6649","d11c472b-ea5d-4384-94a2-5020a138e67c","Yes","Not up to date","Surface Laptop 5"
"W365-F9VDK","10.0.22621.5432","b6f8049e-99df-4ace-9055-e8aba979dd37","Yes","Up to date","Surface Pro 9"
"AP-OWQTX","10.0.22631.6584","8677cf1f-c6a0-4678-b90e-23af30473630","Yes","Up to date","Latitude 5340"
"W365-ICANTSM","10.0.19045.4123","c18e98ea-6f72-4dc0-833f-88519bee36e8","Yes","Not up to date","Precision 5570"
"W365-5HDF1P","10.0.19045.4123","f98f3038-ae07-48cb-88c6-7b3a825ad27c","Yes","Up to date","Surface Laptop 5"
"W365-YCH1FDLA","10.0.26100.7462","519b29ad-11a2-49f7-b9fa-5b088f526d73","Yes","Up to date","OptiPlex 7090"
"W365-4ZTBI9","10.0.22631.6584","9f77bdd6-55a7-4c14-a923-30dda5958d2f","Yes","Up to date","HP EliteBook 840 G9"
"AP-MYW7KO","10.0.19045.4123","9c971c8f-7a62-4d58-82d6-b2f04f86e1cc","Yes","Up to date","Precision 5570"
"AP-XHOWRLJ","10.0.26100.7781","03bc1153-a232-48fa-b4d1-ca57fcb8a5dc","Yes","Up to date","ThinkPad T14 Gen 3"
"AP-D1Y3N02","10.0.22631.6584","3764cc94-e37b-407a-b4e2-af679efacf9e","Yes","Not up to date","Precision 5570"
"AP-YK5OVP9","10.0.22621.5432","74a65ad2-b095-4b46-872a-17223c89001b","Yes","Not up to date","Latitude 5440"
"AP-5KTJC02I","10.0.19045.4123","dede09e1-f423-4f23-9d2d-06b38e691422","Yes","Up to date","Surface Pro 9"
"AP-3A82CZ","10.0.22631.6649","5566b5d5-1d31-4795-8754-9d7a364eaf0f","Yes","Not up to date","Precision 5570"
"AP-7NOIXFZ","10.0.26100.7634","729c5679-a416-4543-99e9-7da056a68db8","Yes","Not up to date","HP EliteBook 840 G9"
"W365-S8OUFHG","10.0.22631.6649","ca833a78-215b-4b99-8a00-e6aac1d6e590","Yes","Not up to date","HP ProBook 450 G9"
"W365-2FGH46","10.0.22621.5432","7f7a8637-3b63-4d26-8709-a252156e290a","Yes","Not up to date","ThinkPad T14 Gen 3"
"AP-GM9BC2JT","10.0.26100.7634","1cfe66ca-dfaa-4cc9-9607-451b662e8f35","Yes","Not up to date","ThinkPad T14 Gen 3"
"AP-73DMV","10.0.19045.4123","c0404851-4db3-4b57-926c-fc44b6f9686d","Yes","Not up to date","Virtual Machine"
"AP-LYI3Q","10.0.26100.7781","ceb34177-14e3-4631-ae7f-3912a3705431","Yes","Not up to date","Latitude 5340"
"AP-ZD4EI","10.0.26100.7634","0fb082fe-069f-4147-9f5c-c84339b208cd","Yes","Not up to date","HP ProBook 450 G9"
"AP-GWB9SM0","10.0.26100.7462","484ba3e9-6cc6-4719-b499-d2c2232b5155","Yes","Not up to date","ThinkPad T14 Gen 3"
"AP-57JU8PG","10.0.19045.4123","3d169f4e-312e-40f3-ae9b-2eae74191773","Yes","Not up to date","Latitude 5340"
"AP-AGBZCWUV","10.0.26100.7781","ec7e7d82-25cb-49d9-9cd3-41fe1d78142d","Yes","Not up to date","Latitude 5340"
"AP-DIAF8WC","10.0.19045.4123","45b81321-ead3-4cc2-a9bf-5a5f498b1dfc","Yes","Not up to date","Precision 5570"
"AP-3RHXD","10.0.22631.6649","69271af5-7498-4fa5-a95a-e4056c5ab973","Yes","Up to date","Virtual Machine"
"W365-3UJVHEFN","","efe341e2-3b6a-4cf5-b539-fb2666e847ab","Unknown","Not applicable",""
"W365-A1U8IJ92","10.0.26100.7462","4ebe86cb-bfa7-447e-8582-346504140802","Yes","Up to date","ThinkPad X1 Carbon Gen 10"
"W365-34CORS26","10.0.26100.7781","7f813f8f-454f-45f0-9167-c5bf6edec1d4","Yes","Up to date","HP EliteBook 840 G9"
"W365-BDYLKPH4","10.0.22631.6649","5f8f493a-3a90-4852-92de-8dca39f4bf0e","Yes","Not up to date","Latitude 5340"
"AP-SIEHJQV0","10.0.26100.7634","f475c886-991c-4ede-a10e-00011325bb97","Yes","Not up to date","ThinkPad T14 Gen 3"
"AP-J4K3L","10.0.22631.6649","16a1631b-0eb6-46de-a433-6cd531c1d7eb","Yes","Not up to date","Latitude 5340"
"AP-YHO2AT","","7e2d4437-9ae7-4411-b502-0f1e46c80676","Unknown","Not applicable",""
"AP-7Q5SIMOR","10.0.22631.6649","4e89d2fc-632a-4a7e-98d1-ed191614462b","Yes","Up to date","Surface Laptop 5"
"AP-4JT5C","10.0.22621.5432","005d1186-c121-48ee-a8d2-224727dc6027","Yes","Up to date","Latitude 5340"
"AP-R0H82","10.0.22631.6649","f9925ebe-dc3c-4522-9338-a298a86cbfa2","Yes","Not up to date","OptiPlex 7090"
"W365-4D8I5","10.0.22631.6649","3ed50f57-cb35-4374-91b4-9816c3e953b6","Yes","Not up to date","Latitude 5540"
"AP-PA6DIWV","10.0.22631.6584","a31a5702-ec6e-4512-886f-950350a6ef23","Yes","Not up to date","Latitude 5540"
"AP-HMT2D","10.0.26100.7462","822257af-f256-4624-9e51-f88f97d892b5","Yes","Up to date","Latitude 5340"
"AP-E1CVBXIH","10.0.19045.4123","f71d37be-07f4-4f96-bc90-2f4b79ab8478","Yes","Not up to date","ThinkPad X1 Carbon Gen 10"
"AP-VLR38EZ","10.0.26100.7781","87eaba5f-f0cd-4ec8-83bd-084ff210b843","Yes","Up to date","Precision 5570"
"AP-A8WFER0","10.0.22631.6649","42d8bf77-08de-4856-a58a-394b10501b56","Yes","Up to date","OptiPlex 7090"
"AP-8WOD9N6C","10.0.22631.6584","88b1ddd1-4d43-4939-bba3-f594abf174fc","Yes","Not up to date","Surface Laptop 5"
"W365-YIZEPUQ","10.0.22621.5432","42aac963-316e-4ac5-9058-e6e02fb16923","Yes","Not up to date","Precision 5570"
"AP-TK217Q8","10.0.19045.4123","33e40ed8-5af6-4cb1-a52f-33627136201c","Yes","Up to date","ThinkPad X1 Carbon Gen 10"
"AP-KA0NCXQI","10.0.19045.4123","d573055e-6f48-4a47-97b7-3f740d54cc8f","No","Not applicable","Latitude 5440"
"W365-2A3O1L97","10.0.26100.7634","6fb9e0cd-6b62-41e7-8732-56d08734a249","Yes","Not up to date","OptiPlex 7090"
"AP-U7RD4NHQ","10.0.22631.6649","b784c412-42a9-47a8-8f31-bbadfb188c54","Yes","Up to date","HP EliteBook 840 G9"
"W365-U5NXZQ","10.0.22631.6649","646d6aa5-cffc-4b26-831f-bca174a82026","Yes","Up to date","HP EliteBook 840 G9"
"W365-9516A7Z","10.0.22631.6649","577a326f-2b06-4a5a-a546-40919ee565a4","Yes","Not up to date","Latitude 5440"
"W365-69EY48V","10.0.26100.7634","547f9293-2b86-49fe-ae0c-57d0ca40dd11","Yes","Not up to date","HP ProBook 450 G9"
"W365-0MJ86O7","10.0.26100.7462","dffdc91c-a899-422b-ab50-354b80099f42","Yes","Not up to date","Surface Pro 9"
"W365-9QBFE5YG","10.0.26100.7634","2fe399a8-173c-4455-93b5-3b9bacfa2d1e","Yes","Not up to date","Latitude 5340"
"W365-NF8ZR2","10.0.22631.6649","b493ebb1-5ab4-4b6c-9424-9b5c1dd7d7e8","Yes","Up to date","Surface Pro 9"
"AP-D9ILE","10.0.22621.5432","f845e4e2-cada-4ed2-a0da-f9e150609540","Yes","Up to date","Latitude 5540"
"W365-F3C8X","10.0.22621.5432","d907e386-cec7-4dd5-afb2-cc07af4ba06a","Yes","Not up to date","HP ProBook 450 G9"
"AP-97QCKL","10.0.22631.6584","0b3f4171-cf4f-40f4-8a09-7b0f1b7889af","Yes","Not up to date","Virtual Machine"
"W365-ZKRVPC4","10.0.22631.6649","7876d3f7-afb4-4e4a-ae14-89ae4bc1af6e","Yes","Not up to date","Latitude 5440"
"AP-8L97ID2O","10.0.22631.6649","e3434fd8-c3ef-4d3b-8b71-907bdf9bbf20","Yes","Not up to date","Surface Laptop 5"
"AP-YCGT6E59","10.0.22631.6584","9017fcc1-ddf2-46e8-84f6-0bee91507a87","Yes","Not up to date","HP EliteBook 840 G9"
"AP-KVXJ0BC8","10.0.26100.7634","ef3d9f22-49f8-4ac7-a012-5a69e399dc10","Yes","Not up to date","Latitude 5540"
"W365-IRZ1T","10.0.19045.4123","704b2323-f217-4087-9508-b6d6030d5fe6","Yes","Up to date","Latitude 5440"
"AP-IU5B8","10.0.22631.6584","7c70283a-44f2-4717-80ca-b147a9603686","No","Not applicable","OptiPlex 7090"
"W365-DJEHG","10.0.26100.7634","4e1e0c6b-993c-4e58-b013-38b0d8a9dc6e","Yes","Up to date","Latitude 5540"
"W365-QIBHD1S","10.0.26100.7634","3021670f-d12d-4a11-9bcb-05f9921e932f","Yes","Up to date","OptiPlex 7090"
"AP-2TZMICFK","10.0.19045.4123","ce77c619-1e62-43ee-9afb-d3147145785f","Yes","Not up to date","Latitude 5540"
"W365-2PC3VI","10.0.22621.5432","ab397918-9cf1-4b6c-9f32-8fd429c00516","Yes","Up to date","Latitude 5440"
"AP-Y4CMQV","10.0.22631.6584","4370198b-8be0-4740-85be-c2c6ef683976","Yes","Up to date","ThinkPad X1 Carbon Gen 10"
"AP-PYOLD","10.0.22631.6649","6b9ba6a7-6ffa-43b2-bf19-e4dd556a06e8","Yes","Up to date","ThinkPad T14 Gen 3"
"W365-8Y1KS","10.0.22621.5432","ad8dec2f-b3be-4d45-8a45-48ce0b1e0220","Yes","Up to date","Precision 5570"
"W365-TPOMGA35","10.0.26100.7462","96d23106-8403-4c85-8549-67b2c86b7b0e","Yes","Not up to date","OptiPlex 7090"
"AP-YZOI3X","10.0.22631.6584","45cfff09-de3e-4619-8195-c8a2682aab96","Yes","Up to date","Latitude 5540"
"W365-BVSQOM07","10.0.22631.6649","786a3d00-1aa9-4b75-b1f0-8d8db1ba7310","Yes","Not up to date","Surface Laptop 5"
"W365-NP9C3X4R","10.0.26100.7634","3dcecc65-7df1-4eea-9d0c-79d7bc4b429c","Yes","Up to date","Virtual Machine"
"AP-8IP6NT7","10.0.19045.4123","a0a08770-d46c-4ed1-810b-c4be9163a24e","Yes","Up to date","Latitude 5340"
"AP-U7YJFHOX","10.0.19045.4123","83e74c30-22fb-4bb8-80c4-a8efacf2fd47","Yes","Up to date","Latitude 5440"
"AP-VSK30G7","10.0.22631.6649","77053374-631e-4669-be63-5bd6ba6326ef","Yes","Not up to date","Latitude 5340"
"W365-ZE9Y45X","10.0.26100.7781","78fc1931-ec6b-49a0-861f-2c8392e05102","Yes","Up to date","Virtual Machine"
"AP-X3TPW","10.0.22621.5432","c45c7f25-a961-4fd2-927c-34fa4b7f3d54","Yes","Up to date","Virtual Machine"
"AP-NAQMZ7O","10.0.26100.7781","c578384d-937a-47d5-bec6-52f86cc61504","Yes","Up to date","Latitude 5340"
"AP-HJ89R","10.0.26100.7462","96d486c9-9355-4668-b2ce-78bcda58cb38","Yes","Up to date","Precision 5570"
"AP-4QGH9X2Z","10.0.22621.5432","1e382b60-b6fc-482d-a3c3-ea41a2051cdd","Yes","Up to date","HP ProBook 450 G9"
"W365-R1WQN6SA","10.0.26100.7634","62d7ae80-efec-4f5f-b324-169bc45720cb","Yes","Not up to date","Latitude 5440"
"AP-7XB3FK","10.0.22621.5432","82dbe976-e6c1-4adc-802e-96bce18c0094","Yes","Not up to date","Latitude 5340"
"W365-GDN9AXHT","10.0.22631.6584","8cda3749-4677-4374-97a2-9ea7f0983dfd","Yes","Not up to date","HP ProBook 450 G9"
"AP-QXFBH0O","10.0.22621.5432","45837a46-2970-4c89-8609-15a582001d65","Yes","Not up to date","HP ProBook 450 G9"
"W365-ADP9YE5","10.0.22631.6649","c1a50b74-3416-488e-97af-ce9191bc48d9","Yes","Not up to date","Surface Pro 9"
"AP-O7ZGW","10.0.22631.6649","c23585f4-b993-4a8c-9e42-0498c1075b6a","Yes","Up to date","HP EliteBook 840 G9"
"W365-DMY3H","10.0.22621.5432","a0848c1b-a56e-4862-a60c-fcaedb780b93","Yes","Not up to date","OptiPlex 7090"
"W365-HP541AML","10.0.26100.7634","175617d3-2e03-4d5a-a4a1-1ea42126348d","Yes","Up to date","ThinkPad T14 Gen 3"
"AP-2VTNGM","","775b16e2-56cc-4985-9ab9-1916075e2b6c","Unknown","Not applicable",""
"W365-8NYM24","10.0.26100.7781","c32dd102-d79f-44e2-a703-79250de4cfa9","Yes","Not up to date","Surface Pro 9"
"W365-8QGMDYF","10.0.26100.7634","fcc3fac8-c1f8-451c-b11a-91ea9aa98d01","Yes","Not up to date","Latitude 5540"
"W365-0CHWMLO","10.0.22631.6649","26431e4d-bcba-4a67-b683-4731f50fef58","Yes","Not up to date","Surface Laptop 5"
"AP-35QPB","10.0.22631.6649","bbc6fb70-c33f-4ccf-9f01-28e679201fe3","Yes","Not up to date","Latitude 5440"
"W365-L9WPR","10.0.26100.7634","c7ecf035-fd2b-450c-8c77-f15448fc7168","Yes","Up to date","ThinkPad X1 Carbon Gen 10"
"AP-8FIYNQ","10.0.22631.6649","441ff835-b6a0-483b-8a1d-90a4abd04a17","Yes","Not up to date","Virtual Machine"
"W365-EAZ9DXU","10.0.22631.6649","9c3173ea-3079-4698-ac3a-0a7055f60746","Yes","Not up to date","ThinkPad X1 Carbon Gen 10"
"W365-8NVQDR","10.0.26100.7781","5933036e-5f0d-49c9-bd38-72004d836aa4","No","Not applicable","Surface Pro 9"
"W365-13IZGU","10.0.26100.7781","6112d9cd-ac2f-49df-86d0-0acb1f3e6708","Yes","Not up to date","OptiPlex 7090"
"W365-068UWG","10.0.22631.6584","90d74923-bbe8-4b99-8461-c368ff51d6f8","Yes","Up to date","Latitude 5340"
"AP-H6OS0L","10.0.22631.6649","0fb5e202-6814-47dc-be85-8ab593db46f8","Yes","Not up to date","Precision 5570"
"AP-1OT8VW5","10.0.19045.4123","9746c794-62e0-428d-b93a-2cc2e064a9ad","Yes","Not up to date","OptiPlex 7090"
"W365-YQOCN61E","10.0.22631.6584","dcac5dfd-f1d8-48fa-88b6-2d4ead1725a3","Yes","Not up to date","OptiPlex 7090"
"W365-N2OR9","10.0.22621.5432","33958405-a87e-44a2-9355-b425fb5c14b0","Yes","Not up to date","Latitude 5540"
"AP-0T4RO5UJ","10.0.26100.7634","0e44e0ce-a7e2-4c66-b4f1-992d89a0c54e","Yes","Not up to date","Virtual Machine"
"W365-S963ZB21","10.0.19045.4123","a2c3924c-3625-41e2-9a44-af1c3e2e4dba","Yes","Not up to date","HP ProBook 450 G9"
"W365-J7IC641","10.0.22631.6584","95ad1ac6-829f-40c0-bc28-897285c95f33","Yes","Up to date","Latitude 5440"
"AP-FZWC315N","10.0.22621.5432","6299cd25-a3a3-4df3-a0cd-de9b9a18c487","Yes","Not up to date","ThinkPad T14 Gen 3"
"AP-XAYKN5E","10.0.22631.6584","61067f0b-af05-45a4-8fe4-8be79d8dfa71","Yes","Up to date","OptiPlex 7090"
"AP-AJVFLNX9","","12950ac8-568f-4ee5-a02f-82664ea38916","Unknown","Not applicable",""
"AP-NUKW14","10.0.22631.6584","46c27247-eab3-4ff5-aac3-00a604e1c846","Yes","Not up to date","Precision 5570"
"W365-4TMILV03","10.0.26100.7781","f61e892e-b0e0-4e1a-895b-57f8dbd0070c","Yes","Not up to date","Latitude 5340"
"W365-JP05CRD","10.0.26100.7462","fce19b3a-9c8d-4c03-9351-2660ebc682e9","Yes","Not up to date","Surface Laptop 5"
"AP-4G3ZEI","10.0.26100.7634","641755f8-044b-431c-a3b6-b3512d6fd03a","Yes","Not up to date","HP EliteBook 840 G9"
"AP-1GMA3BS","10.0.19045.4123","3c9d9425-10d0-4622-a129-c9b647206b50","Yes","Up to date","ThinkPad T14 Gen 3"
"AP-SAMT350Y","10.0.22621.5432","8b481917-e8f2-4f62-97c9-8e85a754742e","Yes","Up to date","ThinkPad T14 Gen 3"
"W365-1ADH5","10.0.26100.7634","8d4102b2-d971-4f6d-96f1-47f34efa20c2","Yes","Up to date","HP EliteBook 840 G9"
"W365-8UB2P","10.0.26100.7781","07650559-60b6-4f87-bec8-be4d1ea61272","Yes","Up to date","ThinkPad T14 Gen 3"
"W365-F45M2","10.0.26100.7781","e9a38c77-25fc-4c9c-9d85-ba95874ac91f","No","Not applicable","Surface Pro 9"
"W365-IK6RZG9","10.0.22631.6649","33c0ce43-9bf5-455c-a55c-0e20254eaac2","Yes","Not up to date","OptiPlex 7090"
"W365-EHKPJ9WY","10.0.26100.7781","27700ca4-2351-4c37-8cc5-7fa35a2e50da","Yes","Up to date","HP EliteBook 840 G9"
"AP-MIQ92VPR","10.0.26100.7462","60654bd1-1020-43a0-b303-2e2d2b72f1ad","Yes","Not up to date","Surface Laptop 5"
"W365-K2QDX3W","10.0.26100.7462","6b2ea921-4769-4614-a2dc-c7a560d96b88","No","Not applicable","Latitude 5340"
"W365-5WPIU1","10.0.22631.6584","375a9825-ac44-412b-8212-6edf48acb2ed","Yes","Not up to date","HP EliteBook 840 G9"
"W365-U8QHD","10.0.22621.5432","19127a2c-f033-407a-aab2-0c5049df6648","Yes","Not up to date","Surface Pro 9"
"W365-1PD5CY","10.0.26100.7462","b23a65ba-43c2-49d2-8f4f-8162beadee39","Yes","Up to date","ThinkPad X1 Carbon Gen 10"
"AP-P9MFAQHB","","19475822-1b9c-4e41-89c8-71effee7ec26","Unknown","Not applicable",""
"W365-D8H5Q3","10.0.22621.5432","65860ae1-7cc2-4fb0-b38b-c60f25d69e8a","Yes","Not up to date","Latitude 5540"
"W365-FBGNMVRZ","10.0.26100.7462","8da38b5d-b3e9-472a-b263-bc0d513403dc","Yes","Not up to date","OptiPlex 7090"
"AP-L7UPRB","","c8b6ff46-5484-4a0c-b800-86622ac0a1a6","Unknown","Not applicable",""
"W365-YUFPZ","10.0.26100.7634","bea2e58a-35a5-43ac-a206-c5add2ef5ee3","Yes","Not up to date","Surface Laptop 5"
"W365-I1PEHXNZ","10.0.22631.6649","a0d68b69-856d-4ccb-8b72-837dbbec793a","Yes","Not up to date","ThinkPad T14 Gen 3"
"AP-I9PUH7SV","10.0.26100.7634","5f743c62-e436-4555-939c-c058236f76e3","Yes","Not up to date","HP ProBook 450 G9"
"W365-429RUJ","10.0.26100.7781","44dba519-d525-4cad-874f-a83e5aa4a189","Yes","Up to date","HP EliteBook 840 G9"
"AP-YHBQ65","10.0.22631.6649","8b72b7b3-8308-464e-9ede-84304a8fc513","Yes","Not up to date","Surface Laptop 5"
"W365-E2YP4Z0M","","78c8199f-2de3-42f7-805c-04194ea9b65a","Unknown","Not applicable",""
"W365-USV7CG","10.0.22631.6649","c97ab062-be35-4312-a187-bf460be7f836","Yes","Up to date","Precision 5570"
"W365-U67OD9","","e5dc0057-d573-406a-93c0-2842a78ba8e8","Unknown","Not applicable",""
"AP-0GIM3K7","10.0.26100.7781","243e6fc7-e2fd-4bea-990f-3c54b1f561bc","Yes","Up to date","Latitude 5540"
"W365-2N4VCQAJ","10.0.26100.7781","0756a26e-4659-4a0e-af68-666cfd95f409","Yes","Up to date","ThinkPad X1 Carbon Gen 10"
"AP-SA95BU","10.0.22621.5432","e14e60c6-4f47-491d-b8e9-902db3b10e8b","Yes","Up to date","Virtual Machine"
"W365-PFBD5AG","10.0.22631.6584","802cc6a3-b83b-4751-aa2e-fa075c6a668a","Yes","Up to date","Surface Laptop 5"
"AP-B6ZW5","10.0.22631.6584","a6f7cd1b-7f6d-4f8e-bab0-6e41c6551f22","Yes","Not up to date","Latitude 5340"
"AP-9HAULBZ","10.0.22621.5432","3b5fcbe6-7f8b-4ec4-b912-4cffb64ea4c1","Yes","Not up to date","Virtual Machine"
"W365-NRM67P","10.0.22621.5432","5a360765-7c2a-4a15-9c04-611b21cca4af","Yes","Not up to date","Surface Pro 9"
"W365-SBEZVH","10.0.26100.7781","b72fa038-babb-4be7-9e22-02e44ae692db","Yes","Up to date","ThinkPad T14 Gen 3"
"AP-MQOW4","10.0.26100.7781","cce7b600-3ec3-4574-ae7d-277960e478be","Yes","Not up to date","Latitude 5540"
"AP-0N48UOV","10.0.22631.6584","9a56da31-baa9-4c6b-afb6-d5badd387efe","Yes","Not up to date","ThinkPad X1 Carbon Gen 10"
"AP-FDI1X","10.0.26100.7462","916837a0-f0d2-4f3b-83d7-5199d9ed626d","No","Not applicable","Virtual Machine"
"AP-8RP7L","10.0.22631.6649","760a6b22-a898-491f-8622-aa6cc9ce39d6","Yes","Up to date","Latitude 5540"
"W365-TVQJNO2U","10.0.19045.4123","11200b67-2f92-4156-a17d-489abec20081","Yes","Not up to date","OptiPlex 7090"
"W365-XWZEKQA","10.0.26100.7634","348ae974-223a-435b-a67e-a1f5020b79cc","Yes","Not up to date","Latitude 5540"
"W365-KFT5JH","10.0.26100.7462","e624f316-53fe-4a2c-8af5-038e0644e7ae","Yes","Not up to date","Latitude 5540"
"AP-5JOTB","10.0.22631.6584","94fae8df-ccf8-4933-bb03-59b4dd049289","Yes","Up to date","Precision 5570"
"AP-AGM1U","10.0.26100.7781","cbdf7a64-ff87-4186-a7ee-d4f8e53985a9","Yes","Up to date","ThinkPad X1 Carbon Gen 10"
"W365-9H23WKX","10.0.26100.7781","d81442e1-597a-4d55-b16e-5827bcdb9302","Yes","Up to date","ThinkPad X1 Carbon Gen 10"
"AP-BYIEJO6","10.0.22631.6649","1df15576-99c1-405d-ace9-0d3cb1605076","Yes","Not up to date","Surface Pro 9"
"W365-K41GM7","10.0.22631.6649","b8748c2d-c784-4569-9b1d-b82ca0f738ca","Yes","Not up to date","ThinkPad T14 Gen 3"
"W365-L9WNV6JS","10.0.22621.5432","3d778327-aa94-465e-8676-6c2e065c2cbc","Yes","Not up to date","Virtual Machine"
"W365-QZ9E8","10.0.26100.7634","01a28c6c-e9f8-4e20-80c3-d0022e98def4","Yes","Not up to date","HP EliteBook 840 G9"
"W365-2XUJ3TNK","10.0.26100.7781","edfdf004-25ba-4fd8-b361-bad90c9a8049","Yes","Not up to date","Surface Laptop 5"
"AP-W6X5VT","10.0.22631.6649","c6365579-914a-475e-9596-78dd436d9de0","Yes","Up to date","Latitude 5440"
"AP-3CY7KL","10.0.26100.7781","a7238ec1-2db6-47a2-bb2f-73a5c0c9a617","Yes","Not up to date","Surface Pro 9"
"W365-GYTIL","10.0.22631.6584","8f9ee808-1dba-4bfc-993d-6af9e134a34c","Yes","Not up to date","OptiPlex 7090"
"AP-W3JEVUY","10.0.26100.7781","36faacec-b357-45c0-b2b2-6be92de90a3d","Yes","Not up to date","Virtual Machine"
"W365-25R4VFIX","10.0.22631.6649","7a0f139b-3520-4baf-bf5c-324e9d2ebb80","Yes","Not up to date","Latitude 5540"
"AP-WCHOG4ZR","10.0.19045.4123","ee9b2fab-c772-4e76-969b-201336b87ef7","Yes","Up to date","Latitude 5440"
"W365-WZTQYHD","10.0.19045.4123","4e6b682e-e99b-463d-877c-5f293e2ce28f","Yes","Not up to date","Virtual Machine"
"AP-DXAB6LFT","10.0.22621.5432","3f1f4532-4748-4789-b41c-4700fd4ae8ac","Yes","Not up to date","ThinkPad X1 Carbon Gen 10"
"AP-IWODC6F","10.0.26100.7781","f1484f71-4451-4cc8-ad3d-5fc999942e27","Yes","Not up to date","HP EliteBook 840 G9"
"AP-WRSJQ","10.0.22621.5432","9efa036a-0cc3-4fb5-a161-5bfc862f1dfd","Yes","Not up to date","Virtual Machine"
"AP-LC0JEN","10.0.19045.4123","e32ddb6e-baa7-4f4b-92bf-46a446de63cd","Yes","Up to date","HP ProBook 450 G9"
"AP-J1Y32NV","10.0.26100.7634","d2ec4f15-149c-4021-b36e-51f152664fbf","Yes","Not up to date","Surface Laptop 5"
"AP-KDQCV","10.0.22621.5432","edf8626b-1a66-4977-8ea7-86383cd5d06e","Yes","Not up to date","Surface Pro 9"
"W365-5Z9X2","10.0.22631.6649","87ea1d8c-de3b-47e8-b085-d23a79a5eb57","Yes","Not up to date","Surface Pro 9"
"W365-SG360QW","10.0.26100.7634","0bc0f5e3-a594-4123-8706-5b648a66f0d0","Yes","Not up to date","Precision 5570"
"AP-J1ZSAH","10.0.22631.6649","27063604-85ef-47b8-84ad-715965e0ddeb","Yes","Not up to date","Latitude 5340"
"AP-1JET07","10.0.22621.5432","3fa25b2a-0534-4fa5-836e-4564b46c343c","Yes","Up to date","HP EliteBook 840 G9"
"W365-756DYSEH","10.0.19045.4123","4aeef336-b6f4-4829-bed7-97ccd168c031","Yes","Not up to date","Latitude 5540"
"W365-5N9D70","10.0.26100.7462","379d1f30-273b-42ba-ac5a-c15284c14987","Yes","Not up to date","ThinkPad X1 Carbon Gen 10"
"W365-L3XI5","10.0.26100.7462","c02a2d2c-a691-401c-b3a7-dd0a091429c0","Yes","Not up to date","Surface Pro 9"
"AP-FG5IVU6Q","10.0.19045.4123","2dcb74e3-6fa2-4058-bc96-979d8085c2d4","Yes","Not up to date","Latitude 5440"
"AP-TWJ7YLFH","10.0.26100.7781","0d8a1ae6-3e62-4de3-97ff-266e0dae20fc","Yes","Up to date","Latitude 5540"
"AP-RHY5WV2","10.0.26100.7462","ca073286-38f1-4d50-bbd4-1adc60fa15b9","Yes","Not up to date","Latitude 5440"
"AP-Q7VA0E","10.0.19045.4123","786df133-068f-4b49-b13a-548a4cdaacd1","Yes","Up to date","Surface Laptop 5"
"W365-GW8OH9I0","10.0.26100.7781","703a0c6e-ad26-49db-990a-a54805d39694","Yes","Up to date","HP EliteBook 840 G9"
"W365-1IZLUE","10.0.22621.5432","2af24d7f-b6c0-421b-9be5-cb491b04065f","Yes","Not up to date","Virtual Machine"
"W365-GXYSH4E8","10.0.19045.4123","4f466687-876a-4269-9413-0ee4585a16c1","Yes","Not up to date","ThinkPad X1 Carbon Gen 10"
"AP-I52O6B7T","10.0.22631.6649","de2b743e-5db7-47f2-8b67-0f0577bcfa1f","Yes","Not up to date","Precision 5570"
"W365-7PNW3D9O","10.0.22631.6584","dc820f39-3c50-44ed-adae-d47b2da39519","Yes","Not up to date","HP EliteBook 840 G9"
"AP-6TWS8CU9","10.0.22621.5432","34e254f7-b488-47d8-88a5-aa121ed326b0","Yes","Not up to date","HP EliteBook 840 G9"
"AP-2JICW","10.0.22631.6584","53e1cf90-4c82-40fe-838d-6d7dcfdd4149","Yes","Up to date","Latitude 5340"
"W365-BKSDY7","10.0.22631.6584","91d53a2f-0532-4fb3-b164-c302dea850cd","Yes","Not up to date","Latitude 5340"
"W365-UZPSGM","10.0.26100.7462","98432a54-c065-4e3b-8734-3a8f0e91235d","Yes","Not up to date","HP EliteBook 840 G9"
"W365-7Q801","10.0.22631.6584","6bd17a21-1ef8-455e-905c-e9d50763e7ff","Yes","Not up to date","OptiPlex 7090"
"AP-J0DT87KO","10.0.26100.7781","6b612e46-b735-43c1-806c-0d9e3458a3ab","Yes","Not up to date","HP EliteBook 840 G9"
"AP-SWZJTH5","10.0.26100.7781","5dbb56e2-be8e-43f8-8c98-7dc7a16b6c8e","Yes","Not up to date","Latitude 5440"
"W365-XWSM3","10.0.22631.6649","20766e92-8834-428a-b58c-7eb1e7ab4ea4","Yes","Not up to date","Precision 5570"
"AP-WGUH9B","10.0.22631.6584","0e5d9634-160e-4207-85dd-9a819fe8480d","Yes","Not up to date","ThinkPad X1 Carbon Gen 10"
"AP-KCN7BL","10.0.26100.7634","b1e45769-c23a-484f-8e03-925223395d8f","Yes","Up to date","Latitude 5440"
"W365-MFIN3","10.0.22631.6649","91a64c36-aff3-4d9b-a958-4f2cc924f13d","Yes","Up to date","Surface Pro 9"
"W365-A4T05","10.0.22631.6649","56e6e22b-aea1-4ff5-8d18-79b2678713fe","Yes","Not up to date","Virtual Machine"
"W365-B5WH8P","10.0.26100.7462","8be0bc96-2b7e-4183-99f5-8b1b728954ad","Yes","Not up to date","Surface Pro 9"
"AP-MGQ45CS","10.0.19045.4123","f9131696-79d0-4f10-8a38-27981d5638db","Yes","Not up to date","Latitude 5540"
"W365-3C0GXNQ","10.0.26100.7634","1f856caf-a1b0-4abc-ab38-794493d93b21","Yes","Up to date","ThinkPad X1 Carbon Gen 10"
"W365-EDVN07FW","10.0.22631.6649","1a14c18e-e1e9-4baf-b9e1-4de0b33da2dd","Yes","Not up to date","Surface Pro 9"
"W365-DKGSMXVC","10.0.26100.7634","69d69ea6-94a1-48f8-afe0-e714cda200e2","Yes","Not up to date","HP EliteBook 840 G9"
"AP-R3NUYQ","10.0.26100.7462","0aae4487-3211-4a10-b356-e71af758bfcf","Yes","Not up to date","HP EliteBook 840 G9"
"W365-TWHYI2","10.0.22631.6584","c53f5a50-3958-4640-9556-f10698f1b689","Yes","Not up to date","HP ProBook 450 G9"
"W365-ZBEMDGHS","10.0.22631.6649","94c817e7-8677-4702-96aa-69de4e124893","Yes","Not up to date","HP ProBook 450 G9"
"W365-PG1926D","10.0.22621.5432","beded737-fd50-45bd-b159-9b427e4fb0a4","Yes","Not up to date","Virtual Machine"
"AP-VP8RJE","10.0.26100.7781","b21b55a5-d317-4c34-a1f5-900e6976f461","Yes","Up to date","OptiPlex 7090"
"AP-8PGI9","10.0.26100.7781","dce8ab8a-e0f2-44d2-8af2-600984b6e0fc","Yes","Not up to date","Latitude 5440"
"W365-3BH51","10.0.22631.6584","259d387c-9ddf-41b3-a8de-816ac5716f4c","Yes","Not up to date","Surface Pro 9"
"AP-2MFAW","10.0.22621.5432","12df0549-b0de-4dda-a973-07826c8b3794","No","Not applicable","Latitude 5440"
"W365-EB6RS1","10.0.26100.7462","80a0c96e-5161-479c-8328-ab09bbf9e115","Yes","Not up to date","Surface Laptop 5"
"AP-40SLV3D","","c6e81454-ee6e-4f35-8fa7-e904e96da7fb","Unknown","Not applicable",""
"W365-SDA689BQ","10.0.22631.6649","aa258c1c-e61f-4eaa-8572-91be00ad0138","Yes","Not up to date","Latitude 5540"
"AP-G6KM4","","1f79dff6-5b51-45a6-b7f3-343d7f96cf79","Unknown","Not applicable",""
"AP-Z42MCJ","10.0.22631.6584","d4d6aaa1-8bde-4b57-a87c-024d65016c88","Yes","Up to date","Surface Pro 9"
"AP-ST9CNK","10.0.22621.5432","6336b8c8-3696-4f77-ae06-0c077d7242ae","Yes","Not up to date","OptiPlex 7090"
"AP-IWLV06","10.0.26100.7634","c9a183d2-93de-420e-93c5-440a5dfc94a1","Yes","Not up to date","ThinkPad X1 Carbon Gen 10"
"W365-DV5692L","10.0.26100.7781","4ce00365-00bf-444e-a449-2020ed34fa71","Yes","Up to date","OptiPlex 7090"
"W365-BSPO25QG","10.0.19045.4123","2f082296-9bb7-4e66-b44a-ed3165ab80a3","Yes","Not up to date","ThinkPad X1 Carbon Gen 10"
"W365-VLJ5X4","10.0.22631.6649","6eb2b044-ad26-4923-9a06-331e2222eb4f","Yes","Not up to date","Surface Laptop 5"
"AP-28WNC4S7","10.0.22621.5432","96baf970-121c-4480-b1ed-fac0f78a7e88","Yes","Up to date","Surface Laptop 5"
"W365-6WCZ7","10.0.22621.5432","5c9ad64b-ad34-4fb7-be65-eb9ee7cd5016","Yes","Not up to date","Surface Laptop 5"
"W365-XLDATW8","10.0.22631.6649","1dd70759-622d-4fd5-be74-0c0eb5c8df70","Yes","Not up to date","Latitude 5340"
"W365-XZSGN19","10.0.26100.7781","64a81ec8-ea4e-4066-b399-d1bfd360d2ef","Yes","Not up to date","Surface Pro 9"
"W365-VYRSOA7F","10.0.22621.5432","d7830490-5ea1-40d3-9370-545e97daa070","Yes","Not up to date","OptiPlex 7090"
"AP-9DKHPVG","10.0.22631.6584","60ff917d-ec50-4b82-980f-8dabd5448a5e","Yes","Up to date","ThinkPad T14 Gen 3"
"W365-KGEIJS","10.0.22621.5432","0d1b671e-1181-4b2b-9346-94da8c98a0c9","No","Not applicable","Latitude 5540"
"AP-TQY4ASKM","10.0.26100.7462","3f8ff6f1-4ed7-46fa-b758-c0f98541d9ae","Yes","Not up to date","Virtual Machine"
"AP-R9J50Q1C","10.0.26100.7462","9befa07d-4617-4bb2-9d55-7bd1c6754759","Yes","Up to date","Latitude 5540"
"AP-UA2C45X","10.0.22621.5432","8ad3e856-b0e5-4e1a-9ad2-37952f576e28","Yes","Not up to date","Latitude 5540"
"W365-KAIBGHN","10.0.26100.7634","3f33edac-ba10-4893-af5a-daad85997b9d","Yes","Not up to date","Surface Pro 9"
"W365-4CEGJ3YK","10.0.19045.4123","250fb51c-2380-422a-a8a1-85c2694c2e30","Yes","Not up to date","Latitude 5440"
"AP-J5X69O81","10.0.26100.7781","737e18d7-3a87-49d6-9bf2-b5405fab5fdc","Yes","Up to date","Surface Pro 9"
"AP-EWY2V04","10.0.22631.6584","9825ed47-f5db-4247-a1b0-045653e30313","Yes","Not up to date","OptiPlex 7090"
"AP-8GI6D","10.0.22631.6584","90b88684-feff-4a76-97cc-ead49216d513","Yes","Not up to date","Latitude 5440"
"AP-YX7L3","10.0.22631.6584","721dd7f6-4073-4203-9c79-07bea91e16da","Yes","Not up to date","HP ProBook 450 G9"
"W365-6F7TG","10.0.26100.7634","1c169b3b-fd9d-4281-aa20-e13f7272bd57","Yes","Not up to date","Latitude 5340"
"W365-IBQFOH","10.0.26100.7634","f4e67d61-baff-4441-84a2-67d321b5c73a","Yes","Not up to date","HP EliteBook 840 G9"
"W365-45LVT","","92335d93-5674-4640-8601-b5dee0703a83","Unknown","Not applicable",""
"W365-C0UPT","10.0.19045.4123","ea9ad263-a212-4b3f-9d4a-08a75809cd25","Yes","Not up to date","HP EliteBook 840 G9"
"W365-53WP84","10.0.26100.7462","3db3d7cc-b653-4a7f-ac55-5436013fd1cb","Yes","Not up to date","OptiPlex 7090"
"AP-R7TD8B56","10.0.22621.5432","3dac499d-74a1-4e96-87af-81665880419b","Yes","Not up to date","ThinkPad T14 Gen 3"
"AP-HPERA","10.0.26100.7781","0878472f-0598-4a4e-9f3e-6827033a9908","Yes","Up to date","Precision 5570"
"AP-8BP9UNFX","10.0.22631.6649","d0b9f6d2-08f2-411a-9355-26f9238c8d4f","Yes","Up to date","HP EliteBook 840 G9"
"W365-1ANVUR","10.0.26100.7634","ac70951d-6529-4aaa-83a1-76599a4f342e","Yes","Up to date","ThinkPad T14 Gen 3"
"W365-726YG5O","10.0.26100.7781","616e2816-7694-4e95-903d-d0e4dde1a6e5","Yes","Not up to date","Virtual Machine"
"W365-FE3ICZWS","10.0.26100.7462","22a9b1d5-2d38-419d-98f2-8aa691abb73e","Yes","Not up to date","Surface Laptop 5"
"W365-V8U2W5","10.0.19045.4123","fb5b9b9b-9683-4522-b5a8-c3e724de9452","Yes","Not up to date","HP EliteBook 840 G9"
"AP-5EYL4H6I","10.0.26100.7634","7029d20c-0ca7-47b8-8b4e-f610cddd7ef9","Yes","Not up to date","Latitude 5440"
"W365-HU4TRQ","10.0.19045.4123","1545007b-abf7-4499-8451-fb2c7b3ab6ab","Yes","Not up to date","Virtual Machine"
"AP-DR4UPK","10.0.22631.6649","ea7c94f7-2388-4e9d-8894-dbeb46b5f7b0","Yes","Not up to date","HP ProBook 450 G9"
"AP-J26YE0P","10.0.26100.7781","a64c0f79-648f-4eff-b55e-839bba3300f5","Yes","Up to date","Latitude 5340"
"AP-YADWUP3","10.0.22621.5432","3fe9ed41-dd6b-4625-aaff-bd25c9cce48e","Yes","Not up to date","Virtual Machine"
"W365-TS0F3","10.0.26100.7781","5c9a2fff-df2d-4b09-9573-5b1a5341804f","Yes","Not up to date","Virtual Machine"
"AP-89SI6YE","10.0.26100.7462","ffaf192e-3f6b-459d-9219-32e5cf02a6e8","Yes","Up to date","Virtual Machine"
"W365-RC8IX6","10.0.22621.5432","2ff7b103-ceed-4d57-8fdc-32a665013f44","Yes","Up to date","Latitude 5440"
"W365-3L2FR14S","10.0.22631.6649","55fe2aec-00ad-46fe-ac9f-10c2806d576a","Yes","Not up to date","ThinkPad T14 Gen 3"
"W365-39CJLWEF","10.0.26100.7462","62c2ec11-e36c-427d-a923-628f1df26630","Yes","Up to date","Latitude 5540"
"W365-C8HA24T","10.0.26100.7781","57ed7d15-194e-403a-a8f1-719000d63111","Yes","Not up to date","Surface Laptop 5"
"AP-E1HYP","10.0.26100.7462","42675b45-ce01-41fb-8ce9-39c0954b9c9c","Yes","Not up to date","Latitude 5440"
"AP-E1ZPL","10.0.26100.7781","26ed86df-e152-4be5-97e4-57e8c7965977","Yes","Not up to date","Virtual Machine"
"W365-MRNUW3CB","10.0.22631.6584","cbbc968f-46bb-471d-8be4-18b1dfd4ef1c","No","Not applicable","Precision 5570"
"W365-D2068B5O","10.0.26100.7781","6381e692-0dff-4351-89e4-96995e0c79a4","Yes","Up to date","Virtual Machine"
"AP-I68CAE","10.0.26100.7462","11aab08f-d87a-48b0-abb5-acbc4e3857c2","Yes","Not up to date","Latitude 5440"
"AP-OINVZ8","10.0.22631.6584","531d5dd0-0684-49ec-9173-07b182724483","No","Not applicable","ThinkPad X1 Carbon Gen 10"
"AP-E45IAPOT","10.0.22631.6649","4208998e-caf3-4632-939b-c1c42bc70184","Yes","Not up to date","HP ProBook 450 G9"
"AP-GFB79HUA","10.0.22621.5432","49365317-e5da-48c8-89e8-aaeacf3cec17","Yes","Up to date","OptiPlex 7090"
"AP-NU9786AF","10.0.26100.7634","cb0f7db6-79a9-4aab-a451-f7ad56fd7eac","Yes","Not up to date","OptiPlex 7090"
"W365-VAGXQ86F","10.0.26100.7634","4ae73b0f-a2ae-4a5e-a292-3b84a578cd9b","Yes","Not up to date","ThinkPad X1 Carbon Gen 10"
"AP-VP25FD","10.0.22621.5432","3e123584-96f8-4ee0-a009-9679808c82e8","Yes","Up to date","OptiPlex 7090"
"AP-0QKLPV","10.0.22631.6649","5249cff8-f78b-4664-8dfc-a3768bbced03","Yes","Not up to date","Latitude 5440"
"AP-BMCOF","10.0.22631.6584","3dee469b-3cb1-488b-b9c1-46b9371cbaaa","Yes","Not up to date","Surface Laptop 5"
"AP-3YXHNO","10.0.26100.7634","94674ea1-52eb-4c54-8757-56101a4a1c6f","Yes","Not up to date","OptiPlex 7090"
"W365-N0Z73W5P","10.0.22621.5432","71787fb1-191f-4170-89f0-7133ee3680e1","Yes","Not up to date","Precision 5570"
"AP-MRNEVZD","10.0.26100.7462","eae53ccb-aece-4c48-b4c2-e76c42d1e0d0","Yes","Not up to date","Latitude 5340"
"W365-EW3UDHIK","10.0.26100.7634","865df3fc-198c-40db-b2be-8b634587dd35","Yes","Up to date","Latitude 5440"
"AP-QEFY2J8","10.0.19045.4123","524b3ac0-c41e-4c5d-b95c-aa5a863cf8a9","Yes","Not up to date","ThinkPad T14 Gen 3"
"AP-XM6KU","10.0.26100.7462","b077b032-0e4a-49cf-a4a5-bf854c003c37","Yes","Not up to date","Latitude 5540"
"W365-F3TLBW","10.0.22621.5432","fefd8f9a-891d-475d-8309-498233057328","Yes","Not up to date","Virtual Machine"
"W365-15OK4U","10.0.26100.7462","37ab8417-5f52-4cb8-9462-2cbcb39761c6","Yes","Not up to date","ThinkPad X1 Carbon Gen 10"
"W365-S0KDE","10.0.26100.7462","5a14e344-0805-47e5-b4bd-87b48b6f37aa","Yes","Not up to date","Latitude 5540"
"AP-64CDW","10.0.19045.4123","1b7beb6b-3a27-4cf6-8f56-72564948503a","Yes","Not up to date","Precision 5570"
"AP-7XEA3","10.0.22621.5432","65c99085-f48a-4db8-bba0-7a2629d24ddb","Yes","Not up to date","Latitude 5540"
"W365-UOXCDE","10.0.22631.6649","6359d000-b26a-42d0-9068-ff973fca3a98","Yes","Not up to date","Latitude 5440"
"AP-WJMDYB","10.0.22631.6649","a95d97dc-6fed-44ba-8d23-250683d532b2","Yes","Up to date","ThinkPad X1 Carbon Gen 10"
"W365-5BRTAKPN","10.0.22621.5432","18b1fab9-8895-417f-80d3-67cf9ac821dc","Yes","Not up to date","Latitude 5540"
"AP-WV5UOSR","10.0.26100.7634","16af4b8d-4f27-4340-81d8-24d0de9bc2db","Yes","Not up to date","OptiPlex 7090"
"W365-WLX0DIV","10.0.22631.6584","707ab2ed-c2a6-4718-8850-104e4981bd61","Yes","Not up to date","ThinkPad X1 Carbon Gen 10"
"W365-WTP74V","10.0.22631.6584","d0ecfa96-c1ba-4c92-afc8-f6a24023fcf5","Yes","Not up to date","Surface Pro 9"
"AP-GDM16","10.0.22631.6584","ddabd66d-c7e1-449e-980c-8e762b52d371","Yes","Not up to date","Virtual Machine"
"AP-NVZA2","10.0.26100.7781","56f11a1a-2ce0-46cc-be9b-3343bb7a8c71","Yes","Not up to date","HP ProBook 450 G9"
"W365-WXJ284A","","9679f98b-3fd1-40b2-9d26-af643fd72086","Unknown","Not applicable",""
"AP-08UVBQ3","10.0.26100.7781","e9c4bcb4-9e83-430c-bfa5-c74f09b82d51","Yes","Not up to date","HP ProBook 450 G9"
"AP-ZMQKY0","","cd7e1a09-d3a7-4f40-8882-f43eeaec08d0","Unknown","Not applicable",""
"W365-9RKL3H","10.0.22631.6649","a132691e-0256-48d7-8e0c-0e0430a7dd4b","Yes","Up to date","Surface Pro 9"
"W365-Y41L98AO","10.0.19045.4123","e632831f-9865-4b4c-8c85-f141654e6519","Yes","Not up to date","OptiPlex 7090"
"AP-9V4NZ7L","10.0.26100.7781","96ad79bd-2f88-4178-bfb7-58e9c57ec6e1","Yes","Not up to date","OptiPlex 7090"
"AP-UN3A7PD","10.0.19045.4123","90ef8d0c-5466-4386-8b58-44c5772a2179","Yes","Up to date","Latitude 5340"
"W365-MUF6S91P","10.0.22621.5432","58b6698e-9125-450e-8f3d-c8c7415f7b09","Yes","Not up to date","Virtual Machine"
"W365-5UDAB6","10.0.19045.4123","7db3eab1-dc34-4c5c-8a19-708b876ddc82","Yes","Up to date","ThinkPad T14 Gen 3"
"W365-QP3VKW","10.0.26100.7462","eb69d34d-44b5-42db-beb0-fa0e7d2cbd9e","Yes","Not up to date","ThinkPad X1 Carbon Gen 10"
"AP-4I706","10.0.19045.4123","e3bea789-94a9-4ebf-9238-670efb1474e5","Yes","Not up to date","HP EliteBook 840 G9"
"W365-HITG94Z","10.0.26100.7462","6759bfc0-3cb3-495e-95af-4dc29c5aaf28","Yes","Not up to date","ThinkPad X1 Carbon Gen 10"
"AP-YBWH5KM","10.0.19045.4123","fade91d5-2d92-4f0a-8de0-b8195e14d8fc","Yes","Not up to date","Latitude 5540"
"AP-XE9KH","10.0.26100.7462","8bb32cdc-fa76-4226-a4ae-327c7fea2308","Yes","Not up to date","Surface Laptop 5"
"W365-9N54RD","10.0.26100.7781","5496b045-1efa-478f-9fdc-da15e33911df","Yes","Not up to date","Latitude 5340"
"W365-D6LYXAV","10.0.26100.7634","d14d5bb2-c97f-4736-ab5c-cb12dfe652a5","Yes","Not up to date","Surface Laptop 5"
"W365-CGY4Q","10.0.26100.7781","3e689fb2-ef71-4310-a4d9-052358a332e4","Yes","Not up to date","Latitude 5440"
"AP-H9NUDTRF","10.0.22621.5432","63542929-92f8-4d74-87d5-f34e9445ae32","Yes","Not up to date","HP EliteBook 840 G9"
"W365-KSD6Y20O","10.0.19045.4123","c7958ae5-ba7f-4766-b3e5-6ea9f7d7ab75","Yes","Up to date","OptiPlex 7090"
"AP-TP6VH","10.0.26100.7781","7b34c5ff-7bff-4517-b5e0-a2d788b35c4d","No","Not applicable","ThinkPad T14 Gen 3"
"AP-8LSG0T7","10.0.22631.6649","7c27a05f-b5b6-4484-a124-db079342e629","Yes","Not up to date","Latitude 5540"
"W365-O07FED","10.0.26100.7462","f52f0f21-8ad1-4773-a8cf-bebae840a9aa","Yes","Up to date","ThinkPad T14 Gen 3"
"AP-XNHWE0K","10.0.22631.6649","e0225674-e068-4ed0-8173-058121e0681c","Yes","Not up to date","Latitude 5440"
"AP-MZ2R8I6J","10.0.22621.5432","bd6273cc-079f-4b0f-ad82-e3bfbb8d8388","Yes","Not up to date","ThinkPad X1 Carbon Gen 10"
"AP-89IEYB","10.0.22621.5432","a5f4f6ea-e85b-447f-940f-3aad9db598e3","Yes","Up to date","Precision 5570"
"AP-Q5KCWN","10.0.22631.6649","6f9e7557-8c2e-4737-87e5-85d9a60b23d5","Yes","Up to date","OptiPlex 7090"
"AP-MNYXALPZ","10.0.26100.7781","e7c778f7-95d4-4d20-a641-5a3acf6bca60","Yes","Up to date","ThinkPad X1 Carbon Gen 10"
"AP-KXA0E","10.0.26100.7781","7ad01d4e-afe6-4107-bf9f-c8bd3fb7da10","Yes","Up to date","Latitude 5540"
"W365-QMEI9D","10.0.22631.6649","553998c9-c5d6-4ee9-8e4c-d36e443e41a4","Yes","Not up to date","Latitude 5340"
"AP-KD139O","10.0.26100.7634","5a6a7077-cb5c-47da-97a0-1824b3e3db86","Yes","Not up to date","Latitude 5340"
"W365-RGXAQHC","10.0.22631.6584","dd8b7b6b-535d-41b2-8e17-c2174ed4cca1","Yes","Not up to date","Virtual Machine"
"W365-U8VOE9J2","10.0.19045.4123","334ecc2c-885e-49a6-b663-9b7baf39aa3f","Yes","Up to date","Surface Pro 9"
"AP-UWMP6LV","10.0.22631.6584","2b1c7cce-4544-40ec-9a0d-4cdc1cdf25e1","Yes","Not up to date","ThinkPad X1 Carbon Gen 10"
"AP-H5OJY01B","10.0.19045.4123","2dedb728-12a0-4f09-a9c6-cae61f52a48a","Yes","Not up to date","ThinkPad T14 Gen 3"
"W365-6FGV4W0K","10.0.26100.7781","7d05b154-f360-4fa0-bf3e-914ac564ace5","Yes","Not up to date","ThinkPad T14 Gen 3"
"W365-H109F8B","10.0.22631.6649","33d0b345-78e5-4821-a517-32feabfd6013","Yes","Up to date","OptiPlex 7090"
"W365-LEZDOK1S","10.0.22631.6584","468419b2-52bf-4c76-8ae0-c259bcfe76fb","Yes","Not up to date","Surface Laptop 5"
"W365-NC2PF","10.0.22631.6649","8f0f61c3-d6b8-4d15-8649-1bd81a0eb869","Yes","Not up to date","ThinkPad T14 Gen 3"
"W365-MPIWO","10.0.26100.7634","900de228-463d-4e35-9a11-a9b7fc152857","Yes","Not up to date","HP EliteBook 840 G9"
"AP-GL5XF","10.0.19045.4123","a7292a0d-fb45-4874-a720-7ab9c980f0d0","Yes","Up to date","Virtual Machine"
"AP-BZ5SIH38","10.0.26100.7634","fc73a818-8479-43c4-b383-8ea321407c05","Yes","Up to date","Virtual Machine"
"AP-U50B9AY","10.0.22631.6649","4774447d-0dfc-4241-b768-90af3a4f64b9","Yes","Not up to date","HP EliteBook 840 G9"
"AP-M3OLFE","10.0.22631.6649","d873d54f-98bf-4658-8d00-f85477d05937","Yes","Up to date","ThinkPad X1 Carbon Gen 10"
"W365-OMWJY1","10.0.22631.6649","f4eccb0f-4574-41bb-a3d3-f8d0f4b365ec","Yes","Up to date","Surface Laptop 5"
"AP-J7BHWO","10.0.19045.4123","55eeec69-ad2d-48d9-b097-f5aac93d2170","Yes","Not up to date","Latitude 5340"
"AP-5TKPB68G","10.0.22621.5432","8231d7ca-119d-404d-a47e-2c655c838d0b","Yes","Not up to date","Latitude 5540"
"AP-K37RDZX","10.0.22631.6649","30860e75-1724-4770-9119-7c8f8ecdf9eb","Yes","Up to date","Latitude 5440"
"AP-V43IN","10.0.22631.6649","e049a7f3-ef53-4b0d-b2e9-45e274db4e51","No","Not applicable","Latitude 5540"
"W365-4ZU0VX","10.0.26100.7634","dccab337-689a-4891-b681-34e8ad3ffe39","Yes","Not up to date","HP ProBook 450 G9"
"AP-GXW0Y","10.0.22631.6649","a4973379-96ac-4b8a-8167-c44315d596b9","Yes","Not up to date","Virtual Machine"
"AP-MFB9L8","","0830a6ee-be98-416d-ab23-35495cfce2d0","Unknown","Not applicable",""
"AP-JMXG3UO","10.0.26100.7634","6ee87d63-a067-4f0b-9fbf-4cb0ebf13f75","Yes","Not up to date","Precision 5570"
"AP-45O86","10.0.22631.6649","369e7935-2b5b-4d58-b35d-ecf8d530c6da","Yes","Up to date","ThinkPad T14 Gen 3"
"W365-UYJ4E951","10.0.19045.4123","ee7dccbb-2f2d-4a26-9073-266a96dd1e08","Yes","Up to date","Precision 5570"
"W365-A6MP4E15","10.0.22631.6584","50bf37f8-ce57-40b4-a111-aaf5e97142ed","Yes","Up to date","Surface Laptop 5"
"W365-5BJAIG6K","10.0.26100.7781","7540998c-ee63-4ff3-9d9e-39f5afdadea0","No","Not applicable","HP ProBook 450 G9"
"W365-USNT67Y","10.0.19045.4123","2d95cbab-aa1e-4f87-abbf-b256e0751828","No","Not applicable","Latitude 5440"
"W365-0IFMVK","10.0.26100.7634","4c622314-e03c-417b-b4cc-f85f45e45c32","Yes","Up to date","Latitude 5540"
"W365-TN3XW704","10.0.26100.7634","3144f7e9-7c15-4afa-a02f-b493fdb68358","Yes","Not up to date","Latitude 5540"
"AP-MNOA0R","10.0.19045.4123","3e6fc4e3-0b43-4bb0-8b01-3271fd4092dd","Yes","Up to date","HP ProBook 450 G9"
"AP-295VWD","10.0.26100.7634","18085dd7-c9f4-4e9e-8224-f8f6ab540d40","Yes","Up to date","OptiPlex 7090"
"W365-5DHN4","10.0.26100.7634","63c8dc98-2ae0-497d-a323-b18331bf04a5","Yes","Not up to date","ThinkPad T14 Gen 3"
"W365-USVFQA","10.0.22621.5432","d04d3a86-3147-4b41-b093-da049a406cba","Yes","Not up to date","Latitude 5340"
"W365-FS3EYBMT","10.0.26100.7634","c9785263-7cea-4d06-8f9f-6734e18b9a2e","Yes","Not up to date","OptiPlex 7090"
"W365-PSGYW","10.0.22621.5432","2e54738a-6b9e-463b-ace2-21f7560e5805","Yes","Up to date","ThinkPad X1 Carbon Gen 10"
"W365-C8IX7M","10.0.26100.7781","3ca0249c-57c6-4ebe-8963-d66a2f18ca4e","Yes","Not up to date","Latitude 5440"
"AP-JR1CXV","10.0.26100.7634","dcd4403b-5c5b-4788-a371-ff2bd3ddf28c","Yes","Not up to date","Virtual Machine"
"W365-70SQYM8","10.0.26100.7462","57f8ae72-f5ef-4fe7-9338-ebc80594ae05","Yes","Not up to date","Virtual Machine"
"AP-8WLGJ950","10.0.22631.6649","dd039448-c71a-463a-960a-bfb5af926ba8","Yes","Up to date","Surface Pro 9"
"AP-OMY7E9RA","10.0.22621.5432","06e1ea0e-10a5-4105-80b7-765c0c8d6fca","Yes","Not up to date","Surface Pro 9"
"W365-UZT7C","10.0.22621.5432","4686445b-b65e-4434-bcf8-552035688189","Yes","Not up to date","Virtual Machine"
"AP-06UZJSD4","10.0.26100.7781","b6af6217-8ac3-484a-93b4-069d411f7b39","Yes","Up to date","HP EliteBook 840 G9"
"AP-CMDNAHGJ","","d177bc40-52b2-4316-ad30-7056c6a807fc","Unknown","Not applicable",""
"AP-LYG8Z2OA","10.0.22631.6584","c8637640-9f9b-4e03-9160-353d3c294bf8","Yes","Not up to date","Latitude 5540"
"W365-W9KZPN","10.0.22631.6649","b3a79bfa-ac23-43fb-a79f-c7145b058cac","Yes","Not up to date","OptiPlex 7090"
"W365-M1GY2QH3","10.0.22631.6649","26a03ed3-ac0a-4ada-9ec5-053da9cb8ea3","No","Not applicable","Surface Pro 9"
"W365-LFK7Q48","10.0.26100.7462","3455aecd-1461-40d7-8be5-d93e6f394104","Yes","Not up to date","Virtual Machine"
"AP-KWIE35","10.0.26100.7634","cac0a5db-28a2-4f12-b8d4-7e70be0df7ba","Yes","Not up to date","Precision 5570"
"W365-5PZGR26","10.0.26100.7781","542e5f8a-e736-42fb-8d54-bf15f005d702","Yes","Not up to date","HP ProBook 450 G9"
"W365-T2IDCS5","10.0.26100.7781","62b21753-cf16-42a3-9d99-9a4e23f97dfc","Yes","Not up to date","Precision 5570"
"W365-EIZMH4","10.0.26100.7462","65008725-9f94-4cfb-895f-8646e2d5d333","Yes","Up to date","Virtual Machine"
"AP-XI3C9Q","10.0.26100.7781","6cbc6006-a0b6-41ea-a820-1a302ffa1eb8","Yes","Not up to date","Latitude 5340"
"AP-8GZ2UBCY","10.0.22621.5432","4c6093df-e50a-424c-8eb7-7926eba4c8dc","Yes","Not up to date","Latitude 5440"
"W365-3U9PE","10.0.26100.7781","e069ba44-33dc-48c9-8673-9da3e725f923","Yes","Up to date","ThinkPad T14 Gen 3"
"W365-JT83CQ0","10.0.19045.4123","368be853-180b-47c9-9184-4fd499f1bb49","Yes","Not up to date","Latitude 5340"
"W365-HQ5UO8W","10.0.22631.6649","0ba371ba-9980-427e-a9b5-9c90be1ae37c","Yes","Up to date","OptiPlex 7090"
"AP-B59ETG","10.0.26100.7462","5792ee46-5d9c-4dff-bafb-a0d7736a97fe","Yes","Not up to date","Surface Laptop 5"
"W365-MBCEAO","10.0.22631.6649","b2996c02-538d-497d-bb00-1b4fc02aaa3f","Yes","Up to date","Surface Pro 9"
"AP-LWG5M","10.0.22631.6584","f71ac817-d021-4b71-9b40-f989675f57ce","Yes","Not up to date","Precision 5570"
"W365-AEHR8","10.0.26100.7781","92429d6b-7049-4083-83ae-b038e60418b8","No","Not applicable","HP EliteBook 840 G9"
"AP-TA91MRX","10.0.19045.4123","74318946-ef55-4720-8631-bb9fd62ae0ce","Yes","Up to date","Precision 5570"
